{"parent":"item/generated","textures":{"layer0":"item/leather_leggings","layer1":"item/leather_leggings_overlay"},"overrides":[{"predicate":{"custom_model_data":10000},"model":"iasurvival:auto_generated/obsidian_leggings"},{"predicate":{"custom_model_data":10001},"model":"iasurvival:auto_generated/bronze_leggings"},{"predicate":{"custom_model_data":10002},"model":"iaalchemy:auto_generated/mysterious_leggings"},{"predicate":{"custom_model_data":10003},"model":"iasurvival:auto_generated/dark_amethyst_leggings"},{"predicate":{"custom_model_data":10004},"model":"iasurvival:auto_generated/ruby_leggings"},{"predicate":{"custom_model_data":10005},"model":"minecraft:item/leather_leggings"}]}