{"parent":"minecraft:item/generated","textures":{"layer0":"minecraft:item/gold_nugget"},"overrides":[{"predicate":{"custom_model_data":7000},"model":"jeqo:battlepass/air"},{"predicate":{"custom_model_data":7001},"model":"jeqo:battlepass/locked"},{"predicate":{"custom_model_data":7002},"model":"jeqo:battlepass/unlocked"},{"predicate":{"custom_model_data":7003},"model":"jeqo:battlepass/reward_unclaimed"},{"predicate":{"custom_model_data":7004},"model":"jeqo:battlepass/reward_claimed"},{"predicate":{"custom_model_data":7005},"model":"jeqo:battlepass/questbook"},{"predicate":{"custom_model_data":7006},"model":"jeqo:battlepass/questbook_gray"},{"predicate":{"custom_model_data":7007},"model":"jeqo:battlepass/reward_locked_gray"},{"predicate":{"custom_model_data":7008},"model":"jeqo:battlepass/reward_locked_green"},{"predicate":{"custom_model_data":7009},"model":"minecraft:item/gold_nugget"}]}