{"parent":"minecraft:item/generated","textures":{"layer0":"minecraft:item/shears"},"overrides":[{"predicate":{"custom_model_data":10000},"model":"iasurvival:auto_generated/black_shears"},{"predicate":{"custom_model_data":10001},"model":"iasurvival:auto_generated/red_shears"},{"predicate":{"custom_model_data":10002},"model":"iasurvival:auto_generated/green_shears"},{"predicate":{"custom_model_data":10003},"model":"iasurvival:auto_generated/blue_shears"},{"predicate":{"custom_model_data":10004},"model":"iasurvival:auto_generated/purple_shears"},{"predicate":{"custom_model_data":10005},"model":"iasurvival:auto_generated/cyan_shears"},{"predicate":{"custom_model_data":10006},"model":"minecraft:item/shears"}]}